epoch,time,train/box_loss,train/cls_loss,train/dfl_loss,metrics/precision(B),metrics/recall(B),metrics/mAP50(B),metrics/mAP50-95(B),val/box_loss,val/cls_loss,val/dfl_loss,lr/pg0,lr/pg1,lr/pg2
1,0.639298,3.39993,4.85762,2.19015,0,0,0,0,4.05131,4.23412,1.84588,4e-05,4e-05,4e-05
2,1.23098,3.34667,5.43501,2.10898,0.00333,1,0.00709,0.00114,3.03529,3.9641,1.78717,9.802e-05,9.802e-05,9.802e-05
3,1.80943,2.37317,4.11573,1.71704,0.00333,1,0.17144,0.02256,2.49332,3.4306,1.54335,0.000153664,0.000153664,0.000153664
4,2.39871,1.40531,3.77004,1.34585,0.00333,1,0.995,0.4171,1.49039,3.31135,1.59353,0.000206932,0.000206932,0.000206932
5,2.99463,1.26073,2.82827,1.2233,0.00333,1,0.995,0.47734,1.16422,3.21188,1.54188,0.000257824,0.000257824,0.000257824
6,3.61058,1.06744,2.40185,1.23009,0.00333,1,0.995,0.55315,1.11238,3.02789,1.56742,0.00030634,0.00030634,0.00030634
7,4.1758,0.9176,2.19456,1.194,0.00333,1,0.995,0.60268,1.13497,2.98136,1.56644,0.00035248,0.00035248,0.00035248
8,4.77765,0.8664,2.32022,1.15219,0.00333,1,0.71071,0.23488,0.85941,3.17611,1.6588,0.000396244,0.000396244,0.000396244
9,5.33455,1.01995,2.34867,1.21972,0.00333,1,0.38269,0.14436,0.99727,3.20788,1.65546,0.000437632,0.000437632,0.000437632
10,5.90611,0.81092,2.47518,1.13821,0.00333,1,0.4975,0.15188,0.82797,3.35742,1.67383,0.000476644,0.000476644,0.000476644
11,6.48532,0.95743,2.15216,1.21213,0.00333,1,0.995,0.20879,0.82792,3.29738,1.66377,0.00051328,0.00051328,0.00051328
12,7.0493,0.94897,2.48144,1.19896,0.00333,1,0.995,0.67653,0.89874,3.02183,1.26818,0.00054754,0.00054754,0.00054754
13,7.64393,1.02478,2.57502,1.14951,0.00744,1,0.995,0.5041,1.1602,2.79441,1.34279,0.000579424,0.000579424,0.000579424
14,8.21348,1.06266,1.89307,1.18217,0.92009,1,0.995,0.59706,1.34252,2.54456,1.22368,0.000608932,0.000608932,0.000608932
15,8.79991,0.8533,1.96948,1.19313,0.92009,1,0.995,0.59706,1.34252,2.54456,1.22368,0.000636064,0.000636064,0.000636064
16,9.39813,0.92975,2.33902,1.15911,0.88027,1,0.995,0.49888,1.30548,2.89373,1.44253,0.00066082,0.00066082,0.00066082
17,9.95351,0.98403,1.86461,1.16133,0.84835,1,0.995,0.32685,1.21442,3.08762,1.53858,0.0006832,0.0006832,0.0006832
18,10.5254,0.8491,2.02278,1.06401,0.84835,1,0.995,0.32685,1.21442,3.08762,1.53858,0.000703204,0.000703204,0.000703204
19,11.105,0.86806,1.98969,1.06009,0.00777,1,0.995,0.29037,1.04997,3.0635,1.51118,0.000720832,0.000720832,0.000720832
20,11.7006,0.93411,2.37968,1.05662,0.00333,1,0.27663,0.06306,0.98564,3.37034,1.62164,0.000736084,0.000736084,0.000736084
21,12.2322,0.87834,1.89732,1.13085,0.00333,1,0.27663,0.06306,0.98564,3.37034,1.62164,0.00074896,0.00074896,0.00074896
22,12.8027,1.02034,2.23949,1.23946,0.00333,1,0.995,0.76403,0.89815,2.61591,1.27021,0.00075946,0.00075946,0.00075946
23,14.0404,0.91034,1.8103,1.19235,0.00333,1,0.995,0.76403,0.89815,2.61591,1.27021,0.000767584,0.000767584,0.000767584
24,14.6299,1.032,1.82594,1.15359,0.10001,1,0.995,0.7094,0.87878,2.3505,1.19856,0.000773332,0.000773332,0.000773332
25,15.1788,1.0263,1.8672,1.20834,0.10001,1,0.995,0.7094,0.87878,2.3505,1.19856,0.000776704,0.000776704,0.000776704
26,15.7389,0.83054,2.06012,1.14242,0.48952,1,0.92833,0.71069,0.77326,2.04788,1.35986,0.0007777,0.0007777,0.0007777
27,16.2553,0.83925,1.65584,1.20453,0.48952,1,0.92833,0.71069,0.77326,2.04788,1.35986,0.00077632,0.00077632,0.00077632
28,16.7902,0.9228,1.72345,1.20362,0.95992,1,0.995,0.83554,0.62355,1.90898,1.19708,0.000772564,0.000772564,0.000772564
29,17.3623,0.85949,1.95747,1.07534,0.95992,1,0.995,0.83554,0.62355,1.90898,1.19708,0.000766432,0.000766432,0.000766432
30,17.9712,0.86049,1.51113,1.13043,0.95992,1,0.995,0.83554,0.62355,1.90898,1.19708,0.000757924,0.000757924,0.000757924
31,18.5478,0.83042,2.43244,1.05057,0.97476,1,0.995,0.8955,0.70872,2.00648,1.13103,0.00074704,0.00074704,0.00074704
32,19.1326,0.77401,1.9035,1.14295,0.97476,1,0.995,0.8955,0.70872,2.00648,1.13103,0.00073378,0.00073378,0.00073378
33,19.7473,1.02814,1.95054,1.1691,0.97368,1,0.995,0.8955,0.68728,1.91121,1.05232,0.000718144,0.000718144,0.000718144
34,20.3288,0.7875,1.6377,1.14431,0.97368,1,0.995,0.8955,0.68728,1.91121,1.05232,0.0006932,0.0006932,0.0006932
35,20.9166,0.81122,1.80398,1.08355,0.97368,1,0.995,0.8955,0.68728,1.91121,1.05232,0.0006536,0.0006536,0.0006536
36,21.4992,0.7298,1.5942,1.022,0.96972,1,0.995,0.8955,0.76325,1.93593,1.09768,0.000614,0.000614,0.000614
37,22.068,0.70691,1.68405,1.01436,0.96972,1,0.995,0.8955,0.76325,1.93593,1.09768,0.0005744,0.0005744,0.0005744
38,22.626,0.75362,1.55814,1.12074,0.96972,1,0.995,0.8955,0.76325,1.93593,1.09768,0.0005348,0.0005348,0.0005348
39,23.2319,0.7279,1.83732,1.03019,0.97342,1,0.995,0.8955,0.84806,1.91358,1.16666,0.0004952,0.0004952,0.0004952
40,23.7931,0.74815,1.50618,1.14173,0.97342,1,0.995,0.8955,0.84806,1.91358,1.16666,0.0004556,0.0004556,0.0004556
41,25.2192,0.97549,3.89737,1.31604,0.97736,1,0.995,0.8955,0.81426,1.86774,1.14754,0.000416,0.000416,0.000416
42,25.8286,1.0804,3.94144,1.34198,0.97736,1,0.995,0.8955,0.81426,1.86774,1.14754,0.0003764,0.0003764,0.0003764
43,26.4254,1.21716,2.72929,1.28849,0.97736,1,0.995,0.8955,0.81426,1.86774,1.14754,0.0003368,0.0003368,0.0003368
44,26.9942,0.84576,4.33246,1.13724,0.9833,1,0.995,0.8955,0.78363,1.67078,1.07623,0.0002972,0.0002972,0.0002972
45,27.5693,0.82087,3.04643,1.19033,0.9833,1,0.995,0.8955,0.78363,1.67078,1.07623,0.0002576,0.0002576,0.0002576
46,28.1312,0.87062,3.58257,1.2709,0.9833,1,0.995,0.8955,0.78363,1.67078,1.07623,0.000218,0.000218,0.000218
47,28.7132,0.69528,4.12763,1.06891,0.98595,1,0.995,0.8955,0.72503,1.55378,1.05339,0.0001784,0.0001784,0.0001784
48,29.299,1.03176,2.88647,1.14472,0.98595,1,0.995,0.8955,0.72503,1.55378,1.05339,0.0001388,0.0001388,0.0001388
49,29.9165,1.05581,4.96909,1.1756,0.98722,1,0.995,0.87153,0.71325,1.4918,1.04331,9.92e-05,9.92e-05,9.92e-05
50,30.9824,0.75836,2.72721,1.14568,0.98722,1,0.995,0.87153,0.71325,1.4918,1.04331,5.96e-05,5.96e-05,5.96e-05
